<?xml version="1.0" encoding="UTF-8"?>
<!DOCTYPE hibernate-mapping PUBLIC 
    "-//Hibernate/Hibernate Mapping DTD 3.0//EN"
    "http://hibernate.sourceforge.net/hibernate-mapping-3.0.dtd">
<hibernate-mapping>
   <class name="com.scu.employee.domain.Department" table="department">
      <!-- 主键名 -->
      <id name="did" column="did">
         <generator class="native" />
      </id>
      <property name="dname" column="dname" length="20" />
      <property name="ddesc" column="ddesc" length="100"/>
      
      <!-- 关联关系映射 -->
      <!-- cascade="delete"是为了级联删除，这样删除部门的同时就把员工删除了 -->
      <!-- inverse="true"是为了放弃外键维护能力，这样部门修改的时候，员工的部门名字也会修改 -->
      <set name="employees" cascade="delete" inverse="true">
         <key column="dno" />
         <one-to-many class="com.scu.employee.domain.Employee"/>
      </set>
      
   </class>
</hibernate-mapping>