<?xml version="1.0" encoding="UTF-8"?>
<!DOCTYPE hibernate-mapping PUBLIC 
    "-//Hibernate/Hibernate Mapping DTD 3.0//EN"
    "http://hibernate.sourceforge.net/hibernate-mapping-3.0.dtd">
<hibernate-mapping>
   <class name="com.scu.employee.domain.Employee" table="employee">
      <id name="eid" column="eid">
         <generator class="native" />
      </id>
      <property name="ename" column="ename" length="20"/>
      <property name="sex" column="sex" length="10"/>
      <property name="birthday" column="birthday"/>
      <property name="joinDate" column="joinDate"/>
      <property name="eno" column="eno" length="20"/>
      <property name="username" column="username" length="20"/>
      <property name="password" column="password" length="20"/>
      
      <!-- 配置关联关系的映射 -->
      <many-to-one name="department" class="com.scu.employee.domain.Department" lazy="false" column="dno"></many-to-one>
    
   </class>
</hibernate-mapping>