<?xml version="1.0" encoding="UTF-8"?>

<!DOCTYPE mapper
    PUBLIC "-//mybatis.org//DTD Mapper 3.0//EN"
    "http://mybatis.org/dtd/mybatis-3-mapper.dtd">

<mapper namespace="Message">

  <resultMap type="com.scu.bean.Message" id="MessageResult">
    <id column="id" jdbcType="INTEGER" property="id"/>
    <result column="command" jdbcType="VARCHAR" property="command"/>
    <result column="description" jdbcType="VARCHAR" property="description"/>
    <result column="content" jdbcType="VARCHAR" property="content"/>
  </resultMap>

  <select id="queryList" parameterType="com.scu.bean.Message" resultMap="MessageResult">
    SELECT <include refid="columns"/> FROM message
  </select>
  
  <select id="searchList" parameterType="com.scu.bean.Message" resultMap="MessageResult">
    SELECT <include refid="columns"/> FROM message
      <where>
       <!-- &quot代表'"' and代表‘&&’ -->
       <if test="command != null and !&quot;&quot;.equals(command.trim())">
          and command=#{command}
       </if>
       <if test="description != null and !&quot;&quot;.equals(description.trim())">
          and description like '%' #{description} '%'
       </if>
     </where>
  </select>
  
  <insert id="addOne" parameterType="com.scu.bean.Message" useGeneratedKeys="true">
     insert into message(command,description,content) values(#{command},#{description},#{content})
  </insert>
  
  <delete id="deleteOne" parameterType="int">
     delete from message where id = #{_parameter}
  </delete>
  
  <delete id="deleteBatch" parameterType="java.util.List">
     delete from message where id in(
        <foreach collection="list" item="item" separator=",">
           #{item}
        </foreach>
     )
  </delete>
  
  <update id="updateList" parameterType="com.scu.bean.Message">
    update message set command=#{command},description=#{description},content=#{content} where id=#{id}
  </update>
  
  <sql id="columns">id,command,description,content</sql>

</mapper>
