<?xml version="1.0" encoding="UTF-8" ?>
<!DOCTYPE struts PUBLIC "-//Apache Software Foundation//DTD Struts Configuration 2.1//EN" "http://struts.apache.org/dtds/struts-2.1.dtd">
<struts>
   
   <package name="sshEmployee" extends="struts-default" namespace="/">
     
      <action name="employee_*" class="employeeAction" method="{1}">
         <result name="input">/index.jsp</result>     
         <result name="success" type="redirect">/frame.jsp</result>
         <result name="findAll" >/resource/frame/listEmployee.jsp</result>
         <result name="saveUI" >/resource/frame/addEmployee.jsp</result>
         <result name="saveSuccess" type="redirectAction" >employee_findAll.action</result>
         <result name="editSuccess">/resource/frame/editEmployee.jsp</result>
         <result name="updateSuccess" type="redirectAction" >employee_findAll.action</result>
         <result name="deleteSuccess" type="redirectAction" >employee_findAll.action</result>
      </action>
      
      <action name="department_*" class="departmentAction" method="{1}">
         <result name="findAll">/resource/frame/listDep.jsp</result>
         <result name="saveUI">/resource/frame/addDepartment.jsp</result>
         <result name="saveSuccess" type="redirectAction">department_findAll.action</result>
         <result name="editSuccess">/resource/frame/editDepartment.jsp</result>
         <result name="updateSuccess" type="redirectAction">department_findAll.action</result>
         <result name="deleteSuccess" type="redirectAction">department_findAll.action</result>
      </action>
   </package>
   
</struts>    
